Tile,PriceDate
Funny Got Data MIS Data Systems Business Analyst T-Shirt,"ice:
                  



                     $16.99
                    

                     $16.99",2022-03-09
Funny Got Data MIS Data Systems Business Analyst T-Shirt,"ice:
                  



                     $16.99
                    

                     $16.99",2022-03-09
Funny Got Data MIS Data Systems Business Analyst T-Shirt,"rice:
                  



                     $16.99
                    

                     $16.99",2022-03-09
Funny Got Data MIS Data Systems Business Analyst T-Shirt,"rice:
                  



                     $16.99
                    

                     $16.99",2022-03-09
Funny Got Data MIS Data Systems Business Analyst T-Shirt,"rice:
                  



                     $16.99
                    

                     $16.99",2022-03-09
Funny Got Data MIS Data Systems Business Analyst T-Shirt,"rice:
                  



                     $16.99
                    

                     $16.99",2022-03-09
Funny Got Data MIS Data Systems Business Analyst T-Shirt,"rice:
                  



                     $16.99
                    

                     $16.99",2022-03-09
Funny Got Data MIS Data Systems Business Analyst T-Shirt,"rice:
                  



                     $16.99
                    

                     $16.99",2022-03-09
